Date,Open,High,Low,Close,Volume
2024-09-13,155.43,158.38,155.21,157.46,29591152
2024-09-12,153.8,154.82,152.65,154.69,29695048
2024-09-11,149.92,151.5,147.52,151.16,29607693
2024-09-10,150.45,151.27,148.34,148.66,31118765
2024-09-09,152.51,153.4,147.215,148.71,39260451
2024-09-06,157.3,157.83,150.55,150.92,37912130
2024-09-05,156.3,159.45,155.9805,157.24,18688747
2024-09-04,156.655,159.0,155.9616,156.45,19353759
2024-09-03,161.72,161.85,156.48,157.36,38945301
2024-08-30,162.615,163.66,161.6925,163.38,22123811
2024-08-29,164.31,165.97,160.25,161.78,19699767
2024-08-28,165.035,165.6,161.5284,162.85,16407444
2024-08-27,165.835,166.4426,164.46,164.68,11821941
2024-08-26,166.38,167.55,164.455,166.16,14190417
2024-08-23,164.72,166.18,163.83,165.62,13955741
2024-08-22,167.26,167.59,163.31,163.8,22493275
2024-08-21,165.15,166.85,164.67,165.85,22901997
2024-08-20,166.9,168.64,166.82,167.18,18341533
2024-08-19,165.28,166.69,164.26,166.67,22416185
2024-08-16,161.47,165.06,161.13,162.96,24208647
2024-08-15,160.5,161.635,159.61,161.3,31524252
2024-08-14,162.4,163.22,157.71,160.37,40591126
2024-08-13,163.41,164.73,162.97,164.16,18551690
2024-08-12,164.35,164.9,161.84,162.29,15895286
2024-08-09,160.01,163.79,159.06,163.67,28602285
2024-08-08,160.51,163.69,160.21,162.03,25578839
2024-08-07,161.25,162.98,158.47,158.94,25138573
2024-08-06,159.33,160.57,156.41,158.29,49004561
2024-08-05,155.5,164.43,154.93,159.25,53630673
2024-08-02,166.44,168.51,164.67,166.66,29130102
2024-08-01,170.25,174.05,168.88,170.76,24531392
2024-07-31,173.24,174.245,170.01,171.54,25729090
2024-07-30,170.24,171.2299,168.44,170.29,18959686
2024-07-29,168.83,170.43,167.99,169.53,20293822
2024-07-26,167.15,168.09,164.06,167.0,41336886
2024-07-25,172.52,173.42,167.19,167.28,44851973
2024-07-24,173.6,176.19,171.82,172.63,49585203
2024-07-23,182.05,183.61,181.54,181.79,36352714
2024-07-22,180.59,182.7,180.23,181.67,24100345
2024-07-19,178.88,180.29,177.13,177.66,18881885
2024-07-18,181.93,182.5,176.47,177.69,25315727
2024-07-17,182.965,183.55,179.9,181.02,20734071
2024-07-16,187.36,188.68,183.3736,183.92,18290722
2024-07-15,184.92,188.24,184.92,186.53,16474043
2024-07-12,185.08,187.11,184.49,185.07,22898406
2024-07-11,189.845,190.86,185.08,185.57,25625784
2024-07-10,189.15,191.75,189.03,191.18,15952454
2024-07-09,190.31,191.36,188.72,188.98,15141312
2024-07-08,189.895,190.17,187.78,189.03,21035886
2024-07-05,185.855,190.86,185.8,190.6,20967450
2024-07-03,184.85,186.09,184.0,185.82,10242126
2024-07-02,182.05,185.57,181.56,185.24,17372485
2024-07-01,183.03,183.88,181.3,182.99,16006128
2024-06-28,184.32,185.13,181.96,182.15,29156644
2024-06-27,184.18,186.05,184.02,185.41,18848884
2024-06-26,182.63,184.51,182.48,183.88,19838972
2024-06-25,179.62,184.29,179.42,184.03,23235589
2024-06-24,180.16,180.89,178.67,179.22,18298012
2024-06-21,177.0,180.85,176.61,179.63,58582743
2024-06-20,175.37,177.29,174.99,176.3,20160085
2024-06-18,177.14,177.385,174.1042,175.09,21869857
2024-06-17,175.46,178.36,174.81,177.24,19618497
2024-06-14,174.22,177.0623,174.15,176.79,18063555
2024-06-13,176.11,176.74,174.88,175.16,20913299
2024-06-12,178.25,180.41,176.11,177.79,27864737
2024-06-11,176.22,176.84,173.7701,176.62,21540582
2024-06-10,174.97,177.06,172.76,175.01,23779218
2024-06-07,177.05,177.87,174.3,174.46,19661399
2024-06-06,175.895,177.15,175.75,176.73,23251013
2024-06-05,175.2,176.645,173.9339,175.41,22068519
2024-06-04,173.28,173.845,171.89,173.79,26879596
2024-06-03,172.54,174.525,171.16,173.17,27459118
2024-05-31,171.86,173.06,169.44,172.5,37638876
2024-05-30,175.2,175.22,171.79,172.11,22958677
2024-05-29,175.43,176.836,174.72,175.9,23388693
2024-05-28,174.45,177.27,174.365,176.4,20572157
2024-05-24,174.98,175.77,173.65,174.99,16579438
2024-05-23,177.07,178.25,172.95,173.55,21024935
2024-05-22,176.644,177.15,175.21,176.38,17880042
2024-05-21,176.9,178.15,175.81,177.85,16989369
2024-05-20,176.192,178.77,176.08,176.92,22554400
2024-05-17,174.18,176.265,173.69,176.06,24479262
2024-05-16,173.29,175.115,172.69,174.18,27867947
2024-05-15,170.63,172.65,170.51,172.51,26948370
2024-05-14,169.77,171.25,168.8,170.34,25127138
2024-05-13,164.26,169.28,164.0,169.14,31327602
2024-05-10,168.025,169.85,166.19,168.65,29799931
2024-05-09,169.39,170.69,168.18,169.96,15346700
2024-05-08,169.0,170.15,168.735,169.38,19569146
2024-05-07,168.5,171.76,168.39,171.25,28039696
2024-05-06,167.46,168.14,166.03,168.1,21871283
2024-05-03,167.56,167.96,163.05,167.24,34662432
2024-05-02,164.785,166.73,163.89,166.62,24294549
2024-05-01,164.3,167.12,163.09,163.86,33493151
2024-04-30,165.612,168.1,162.6,162.78,33562861
2024-04-29,169.058,169.55,165.21,166.15,45610024
2024-04-26,174.37,174.71,169.65,171.95,64665299
2024-04-25,151.33,156.49,150.87,156.0,57109730
2024-04-24,157.49,159.565,157.165,159.13,22779112
2024-04-23,156.96,158.97,156.28,158.26,21151568
2024-04-22,154.31,157.64,154.06,156.28,26446206
2024-04-19,156.2,156.36,152.3,154.11,32586602
2024-04-18,155.34,156.94,154.62,156.01,19883044
2024-04-17,155.62,157.08,154.58,155.47,21763130
2024-04-16,154.19,155.65,153.43,154.4,20779495
2024-04-15,158.86,159.24,154.59,154.86,27136472
2024-04-12,157.96,160.2225,157.14,157.73,25353746
2024-04-11,156.91,159.68,156.46,159.41,27166431
2024-04-10,156.21,156.61,154.68,156.14,22838629
2024-04-09,156.085,158.56,155.19,156.6,31113013
2024-04-08,152.78,155.27,152.61,154.85,20701974
2024-04-05,150.03,153.42,149.6,152.5,23459246
2024-04-04,153.5,154.77,150.45,150.53,34724738
2024-04-03,153.6,155.08,152.73,154.92,24704991
2024-04-02,153.5,154.7,152.15,154.56,24585985
2024-04-01,150.69,155.74,150.61,155.49,31730848
2024-03-28,150.85,151.43,150.17,150.93,24485390
2024-03-27,151.18,151.635,148.9,150.87,22879178
2024-03-26,150.22,152.256,149.98,150.67,22149137
2024-03-25,149.94,150.375,147.82,150.07,19229285
2024-03-22,149.12,151.58,148.98,150.77,29211769
2024-03-21,149.47,150.37,146.9001,147.6,24755597
2024-03-20,148.0,148.86,146.735,148.74,21311501
2024-03-19,148.16,148.7913,146.08,147.03,24070435
2024-03-18,148.61,152.15,147.17,147.68,69273699
2024-03-15,142.5,143.18,140.03,141.18,49475417
2024-03-14,141.19,143.585,140.455,143.1,42753387
2024-03-13,139.0,141.09,138.99,139.79,23347208
2024-03-12,137.03,139.375,137.03,138.5,27563354
2024-03-11,136.13,139.095,136.13,137.67,32437772
2024-03-08,134.21,138.085,134.0,135.41,39370392
2024-03-07,132.795,134.94,131.61,134.38,37738209
2024-03-06,133.12,133.58,130.85,131.4,35318610
2024-03-05,131.88,133.24,130.665,132.67,40194757
2024-03-04,135.66,135.66,131.91,133.35,55999415
2024-03-01,138.43,138.87,136.92,137.14,31151116
2024-02-29,137.28,138.86,136.4,138.46,42132953
2024-02-28,137.9,138.01,135.41,136.38,37328558
2024-02-27,138.02,139.25,137.09,138.88,33099190
2024-02-26,142.14,142.44,137.39,137.57,53641795
2024-02-23,143.67,144.68,143.43,143.96,19493752
2024-02-22,144.93,145.0,142.8,144.09,27191892
2024-02-21,141.45,142.69,140.675,142.55,23315687
2024-02-20,139.655,142.08,139.49,141.12,24935710
2024-02-16,142.99,143.19,140.14,140.52,31468926
2024-02-15,143.14,143.52,140.46,142.77,37590695
2024-02-14,146.08,146.52,144.094,145.94,22704166
2024-02-13,144.92,146.67,143.69,145.14,27837730
2024-02-12,148.42,149.335,147.37,147.53,21564085
2024-02-09,146.68,149.44,146.18,149.0,26829504
2024-02-08,145.83,146.33,145.105,145.91,22563764
2024-02-07,144.76,145.615,143.925,145.54,25208862
2024-02-06,144.65,145.36,143.19,144.1,29128201
2024-02-05,142.82,145.47,142.78,143.68,38505405
2024-02-02,139.26,142.62,136.5,142.38,62499574
2024-02-01,142.12,143.06,140.79,141.16,40466549
2024-01-31,143.62,144.0,139.87,140.1,71910044
2024-01-30,152.8,153.62,151.185,151.46,36331833
2024-01-29,152.06,153.78,151.43,153.51,27784259
2024-01-26,151.1,152.535,151.01,152.185,26115494
2024-01-25,150.065,153.05,149.54,151.87,29149069
2024-01-24,148.54,149.855,148.1,148.7,25233450
2024-01-23,145.89,147.182,145.5,147.04,21636129
2024-01-22,147.1,148.39,145.84,145.99,32200369
2024-01-19,144.74,146.45,144.38,146.38,34271867
2024-01-18,142.05,144.21,141.99,143.48,25746417
2024-01-17,141.345,141.84,138.9,141.47,20968649
2024-01-16,142.0,144.35,141.45,142.49,22670467
2024-01-12,142.67,143.195,141.82,142.65,18785514
2024-01-11,143.49,145.22,140.635,142.08,24008722
2024-01-10,141.0,143.0,140.91,142.28,21320203
2024-01-09,138.5,141.485,138.15,140.95,24759598
2024-01-08,136.29,139.01,136.26,138.84,21403982
2024-01-05,136.745,137.1558,135.15,135.73,22513854
2024-01-04,138.42,139.16,136.35,136.39,27137735
2024-01-03,137.25,139.63,137.08,138.92,24212147
2024-01-02,138.55,139.45,136.48,138.17,23711220
2023-12-29,139.63,140.36,138.78,139.69,18733017
2023-12-28,140.78,141.14,139.75,140.23,16045712
2023-12-27,141.59,142.08,139.886,140.37,19628618
2023-12-26,141.59,142.68,141.19,141.52,16780333
2023-12-22,140.77,141.99,140.71,141.49,26532199
2023-12-21,139.49,140.685,139.18,140.42,27488284
2023-12-20,138.97,141.695,138.065,138.34,49107179
2023-12-19,136.84,137.47,136.08,136.65,25476753
2023-12-18,132.63,137.1478,132.43,135.8,32257967
2023-12-15,131.62,133.51,131.18,132.6,50847113
2023-12-14,133.38,133.72,129.685,131.94,38722413
2023-12-13,133.38,133.5,131.57,132.57,30104775
2023-12-12,131.81,133.0,131.26,132.52,29032831
2023-12-11,132.38,133.335,131.36,133.29,31138011
2023-12-08,134.2,136.4,134.025,134.99,32260112
2023-12-07,135.04,138.56,134.7,136.93,56767100
2023-12-06,131.44,131.84,129.875,130.02,23576176
2023-12-05,128.95,132.14,128.25,130.99,27384784
2023-12-04,129.88,130.03,127.9,129.27,36669876
2023-12-01,131.86,132.11,130.665,131.86,31442263
2023-11-30,135.05,135.55,131.28,132.53,38988263
2023-11-29,137.57,138.288,134.84,134.99,23967222
2023-11-28,136.08,137.25,135.4222,137.2,18730032
2023-11-27,136.03,138.42,136.0,136.41,23436526
2023-11-24,138.03,138.13,135.99,136.69,12514322
2023-11-22,137.47,139.42,137.47,138.49,17820456
2023-11-21,136.29,137.18,135.96,136.97,22635272
2023-11-20,133.69,136.66,133.62,136.25,27850762
2023-11-17,136.0,136.06,133.65,135.31,37287691
2023-11-16,135.19,137.2199,134.32,136.93,28013179
2023-11-15,134.87,135.03,133.57,134.62,23861515
2023-11-14,134.19,135.7,133.32,133.62,32395178
2023-11-13,131.78,132.59,131.25,132.09,18324751
2023-11-10,130.105,132.8,129.41,132.59,26927826
2023-11-09,131.96,132.55,130.065,130.24,23747773
2023-11-08,130.97,132.21,130.78,131.84,26425849
2023-11-07,130.71,131.91,129.88,130.97,29757276
2023-11-06,129.05,130.34,128.67,130.25,19052740
2023-11-03,128.02,129.525,127.86,129.1,26393109
2023-11-02,128.42,128.98,126.93,127.49,27124647
2023-11-01,124.07,126.49,123.715,126.45,30082438
2023-10-31,125.06,125.37,122.685,124.08,26292342
2023-10-30,123.21,125.4,122.75,124.46,28940081
2023-10-27,122.88,123.31,120.2057,122.17,44566506
2023-10-26,123.27,124.3297,121.27,122.28,57061140
2023-10-25,128.16,128.31,125.07,125.61,84366208
2023-10-24,137.83,139.3599,137.42,138.81,44814321
2023-10-23,135.04,137.6599,133.95,136.5,26317930
2023-10-20,137.33,137.87,135.08,135.6,26335673
2023-10-19,138.5,139.66,137.38,137.75,26066011
2023-10-18,139.445,140.72,137.38,137.96,23374998
2023-10-17,138.63,139.9,137.18,139.72,23515780
2023-10-16,138.17,139.63,137.99,139.095,28501871
2023-10-13,139.38,140.0,136.615,137.36,23435599
2023-10-12,141.05,141.22,138.26,138.97,24765537
2023-10-11,138.58,141.11,138.58,140.55,25884303
2023-10-10,138.5,139.72,137.33,138.06,27786613
2023-10-09,136.94,138.94,135.61,138.42,19278070
2023-10-06,134.01,138.155,134.01,137.58,27597598
2023-10-05,135.07,135.49,133.45,135.07,19832615
2023-10-04,132.79,135.57,132.53,135.24,26752295
2023-10-03,133.94,134.26,131.84,132.43,22989401
2023-10-02,131.21,134.42,131.17,134.17,22288038
2023-09-29,133.28,134.05,130.36,130.86,30859790
2023-09-28,129.84,133.3,129.79,132.31,22513132
2023-09-27,128.57,130.895,128.57,130.54,22746452
2023-09-26,129.77,130.3645,127.22,128.565,25718704
2023-09-25,129.83,131.17,128.96,131.11,20094643
2023-09-22,130.76,132.025,129.6,130.25,26397337
2023-09-21,131.44,132.23,130.07,130.44,31503910
2023-09-20,138.08,138.08,133.62,133.74,29927475
2023-09-19,137.42,138.41,136.62,138.04,20353653
2023-09-18,136.61,139.16,136.61,138.21,21861346
2023-09-15,137.98,138.52,136.48,137.4,38919614
2023-09-14,137.6,138.695,136.24,138.1,24750968
2023-09-13,135.09,136.9,134.15,136.71,20749496
2023-09-12,136.26,136.8701,135.19,135.34,18405505
2023-09-11,136.54,137.48,135.785,136.92,20763350
2023-09-08,134.91,136.66,134.85,136.38,23584188
2023-09-07,133.59,135.58,132.95,135.26,18844342
2023-09-06,136.02,136.5299,133.665,134.46,18684534
2023-09-05,135.44,136.42,134.5801,135.77,19403112
2023-09-01,137.455,137.455,134.85,135.66,21543687
2023-08-31,136.01,138.0,135.79,136.17,30053800
2023-08-30,134.78,136.275,134.07,135.88,28315769
2023-08-29,132.24,136.57,132.24,134.57,43075556
2023-08-28,131.31,132.54,130.14,131.01,20543266
2023-08-25,129.54,130.76,127.25,129.88,26762891
2023-08-24,133.95,134.25,129.57,129.78,28500694
2023-08-23,130.18,133.41,129.87,132.37,27819713
2023-08-22,128.51,130.278,128.32,129.08,22067520
2023-08-21,127.175,128.725,126.56,128.37,25248729
2023-08-18,128.51,129.25,126.3824,127.46,30504769
2023-08-17,129.8,131.99,129.29,129.92,33446280
2023-08-16,128.7,130.2809,127.865,128.7,25216068
2023-08-15,131.1,131.42,129.28,129.78,19770732
2023-08-14,129.39,131.37,128.96,131.33,24695608
2023-08-11,128.66,129.93,128.17,129.56,19591080
2023-08-10,131.32,132.05,129.45,129.69,20857754
2023-08-09,131.66,132.04,129.0,129.66,24912918
2023-08-08,130.62,131.51,129.545,131.4,23535181
2023-08-07,129.16,131.61,129.02,131.53,22746290
2023-08-04,129.28,131.51,127.91,128.11,26147158
2023-08-03,127.97,129.385,127.42,128.45,20159528
2023-08-02,129.45,130.09,127.56,128.38,26273258
2023-08-01,130.775,132.63,130.68,131.55,23276440
2023-07-31,132.73,133.525,131.775,132.72,28055531
2023-07-28,130.78,133.74,130.57,132.58,36591158
2023-07-27,131.67,133.24,128.79,129.4,44952074
2023-07-26,130.07,130.98,128.32,129.27,61682093
2023-07-25,121.36,123.145,121.02,122.21,52509551
2023-07-24,121.66,123.0,120.98,121.53,29723667
2023-07-21,120.62,120.99,118.73,120.02,71606474
2023-07-20,121.42,124.09,118.22,119.2,37906763
2023-07-19,124.6,125.18,121.8,122.03,37224033
2023-07-18,124.6,124.68,122.96,123.76,26226447
2023-07-17,125.94,127.0999,124.195,124.65,25716215
2023-07-14,124.8,126.775,123.49,125.42,33283076
2023-07-13,120.93,124.83,120.45,124.54,44297915
2023-07-12,118.8,120.33,118.4145,118.93,30404409
2023-07-11,116.29,117.71,115.35,117.14,23078782
2023-07-10,118.3,118.305,116.135,116.45,35315235
2023-07-07,120.1,121.05,119.4,119.48,21709549
2023-07-06,119.795,120.3,118.4,120.11,24778801
2023-07-05,119.24,122.61,119.23,121.75,27584809
2023-07-03,119.24,120.19,118.8182,119.9,14467850
2023-06-30,120.17,121.08,119.69,119.7,29532241
2023-06-29,119.24,120.06,118.295,119.1,24090902
2023-06-28,117.09,120.39,116.85,120.18,27091449
2023-06-27,117.08,119.08,116.1,118.33,39535936
2023-06-26,121.22,122.0,118.265,118.34,33969897
2023-06-23,121.38,122.7879,121.06,122.34,34913637
2023-06-22,120.0,123.24,118.83,123.15,26952246
2023-06-21,122.4,122.66,120.1,120.55,30306336
2023-06-20,122.93,124.57,122.14,123.1,26097492
2023-06-16,125.93,126.108,123.28,123.53,45535553
2023-06-15,123.14,125.46,122.4,125.09,35246268
2023-06-14,123.1,124.05,121.45,123.67,30592297
2023-06-13,124.98,125.16,123.18,123.83,22278313
2023-06-12,122.785,124.05,121.66,123.64,28338743
2023-06-09,122.25,123.755,121.91,122.23,23778319
2023-06-08,122.225,123.225,121.24,122.14,29389167
2023-06-07,126.97,129.04,122.12,122.5,52538986
2023-06-06,126.01,128.29,125.36,127.31,26638295
2023-06-05,124.01,127.43,123.84,126.01,32305531
2023-06-02,123.99,126.15,123.76,124.67,26980147
2023-06-01,122.815,124.42,122.62,123.72,30772683
2023-05-31,122.75,124.0601,122.5,122.87,37325787
2023-05-30,125.64,125.66,122.0,123.67,35076658
2023-05-26,123.17,125.26,122.45,124.61,35635937
2023-05-25,124.52,125.32,121.96,123.48,42316986
2023-05-24,121.12,121.91,119.86,120.9,34182635
2023-05-23,124.16,124.625,122.2104,122.56,34046251
2023-05-22,122.94,126.43,122.74,125.05,35253034
2023-05-19,123.55,125.97,122.15,122.76,41353445
2023-05-18,120.95,123.31,120.83,122.83,35234233
2023-05-17,119.61,121.67,118.89,120.84,33323588
2023-05-16,116.49,120.75,116.43,119.51,45035558
2023-05-15,116.11,118.48,116.01,116.51,36266765
2023-05-12,116.68,118.03,116.11,117.51,41102330
2023-05-11,115.395,117.92,114.41,116.57,78900029
2023-05-10,107.97,112.94,107.93,111.75,63153367
2023-05-09,108.39,110.15,107.19,107.35,36360141
2023-05-08,105.18,107.96,105.16,107.77,26511445
2023-05-05,104.82,105.88,104.11,105.57,26639254
2023-05-04,105.485,105.6,103.97,104.69,23419506
2023-05-03,105.53,107.49,104.96,105.41,21795405
2023-05-02,107.14,107.2,103.71,105.32,30997245
2023-05-01,106.84,107.99,106.82,107.2,26681680
2023-04-28,107.04,107.35,105.09,107.34,36139847
2023-04-27,104.45,108.37,103.54,107.59,50089187
2023-04-26,104.92,106.35,102.63,103.71,53347560
2023-04-25,105.825,106.69,103.84,103.85,46664104
2023-04-24,105.49,106.63,104.7,105.97,23542829
2023-04-21,105.47,106.0,104.78,105.41,25800082
2023-04-20,103.91,106.25,103.8684,105.29,27820794
2023-04-19,103.58,104.98,103.07,104.18,20905684
2023-04-18,106.49,106.54,104.07,104.5,26596445
2023-04-17,104.658,106.16,104.52,105.97,37571218
2023-04-14,106.89,108.94,106.84,108.87,26578002
2023-04-13,105.84,107.49,105.84,107.43,24843579
2023-04-12,106.58,106.75,104.34,104.64,24370274
2023-04-11,106.55,106.73,104.68,105.35,26311803
2023-04-10,106.98,107.59,105.12,106.44,27067355
2023-04-06,105.26,109.17,104.33,108.42,48711480
2023-04-05,105.78,106.1,103.66,104.47,28290503
2023-04-04,104.33,105.58,104.04,104.72,24420079
2023-04-03,102.39,104.53,101.93,104.36,25035399
2023-03-31,101.3,103.89,101.04,103.73,36863369
2023-03-30,100.91,101.155,99.78,100.89,33086183
2023-03-29,102.28,102.49,100.65,101.39,28779572
2023-03-28,102.44,102.45,99.74,101.03,32057865
2023-03-27,104.615,104.76,101.9273,102.46,31120864
2023-03-24,104.99,105.49,103.84,105.44,30411043
2023-03-23,105.06,106.3,104.46,105.6,40797769
2023-03-22,104.27,106.59,103.33,103.37,43427419
2023-03-21,101.25,105.1,101.22,104.92,42110279
2023-03-20,100.12,101.75,99.87,101.22,32960440
2023-03-17,100.26,102.835,100.1,101.62,61028547
2023-03-16,96.2,101.19,95.5,100.32,65567656
2023-03-15,93.22,96.93,92.64,96.11,50622050
2023-03-14,92.56,94.36,92.44,93.97,36050214
2023-03-13,90.09,92.57,89.42,91.11,37335573
2023-03-10,92.17,92.79,90.395,90.63,35941046
2023-03-09,94.05,95.53,91.9,92.32,28813532
2023-03-08,94.12,95.955,94.0,94.25,34103265
2023-03-07,94.98,95.67,93.53,93.86,27835476
2023-03-06,94.015,95.97,94.0,95.13,32639313
2023-03-03,92.48,93.73,92.45,93.65,35160105
2023-03-02,89.66,92.275,89.59,92.0,32226229
2023-03-01,89.98,91.03,89.67,90.36,31111225
2023-02-28,89.33,91.23,89.32,90.06,30142039
2023-02-27,89.87,90.16,89.335,89.87,27502302
2023-02-24,89.44,89.89,88.575,89.13,36585093
2023-02-23,91.92,91.94,89.76,90.89,41206380
2023-02-22,91.7,92.11,90.61,91.65,30884017
2023-02-21,93.0,93.1,91.72,91.79,33629256
2023-02-17,94.85,95.5599,93.21,94.35,34284118
2023-02-16,95.37,97.68,94.74,95.51,42462618
2023-02-15,94.49,97.12,94.15,96.94,50298481
2023-02-14,94.43,94.845,92.26,94.68,54726120
2023-02-13,94.74,95.2,93.84,94.61,50076120
2023-02-10,95.45,96.75,94.25,94.57,54980696
2023-02-09,100.0,100.03,93.63,95.01,119455020
2023-02-08,102.05,103.14,98.035,99.37,94743515
2023-02-07,103.22,108.18,103.12,107.64,49010230
2023-02-06,102.4,104.36,101.88,102.9,31999562
2023-02-03,102.93,107.81,102.58,104.78,65309261
2023-02-02,105.8,107.85,105.61,107.74,69883762
2023-02-01,98.71,101.19,97.58,100.43,35531104
2023-01-31,96.87,98.88,96.82,98.84,29870669
2023-01-30,97.48,98.29,96.395,96.94,27226198
2023-01-27,97.31,100.32,97.31,99.37,33879753
2023-01-26,96.5,97.57,95.38,97.52,30113974
2023-01-25,95.57,96.162,93.76,95.22,42329952
2023-01-24,98.1,99.61,97.2,97.7,33078512
2023-01-23,97.95,100.04,97.5,99.79,40005055
2023-01-20,95.1,98.3,95.02,98.02,63191078
2023-01-19,90.72,93.605,90.63,93.05,37000395
2023-01-18,92.14,92.7999,90.64,91.12,29116691
2023-01-17,92.06,92.25,90.05,91.29,32602423
2023-01-13,90.85,92.19,90.1299,92.12,26329212
2023-01-12,91.48,91.87,89.75,91.13,30258135
2023-01-11,89.18,91.6,89.01,91.52,26861969
2023-01-10,85.98,88.67,85.83,88.42,30467755
2023-01-09,88.36,90.05,87.86,88.02,29003901
2023-01-06,86.79,87.69,84.86,87.34,41381495
2023-01-05,87.47,87.57,85.9,86.2,27194375
2023-01-04,90.35,90.65,87.271,88.08,34854776
2023-01-03,89.585,91.05,88.52,89.12,28131224
2022-12-30,86.98,88.3,86.57,88.23,23986297
2022-12-29,86.62,88.845,86.61,88.45,23333537
2022-12-28,86.98,88.04,85.94,86.02,19523176
2022-12-27,88.795,88.94,87.01,87.39,20097346
2022-12-23,87.11,89.545,87.07,89.23,23003035
2022-12-22,88.16,88.54,86.32,87.76,27658293
2022-12-21,89.08,90.22,88.32,89.58,24745637
2022-12-20,88.11,89.175,87.4401,89.02,23453836
2022-12-19,90.255,90.56,88.21,88.44,29493030
2022-12-16,90.76,91.33,89.52,90.26,58011847
2022-12-15,93.13,93.64,90.01,90.86,40107033
2022-12-14,95.2,96.87,93.6,95.07,28733599
2022-12-13,97.76,99.53,95.03,95.63,40593656
2022-12-12,92.71,93.56,91.61,93.31,29009013
2022-12-09,93.77,94.26,92.75,92.83,28225448
2022-12-08,95.38,95.58,93.45,93.71,32213288
2022-12-07,96.41,96.8811,94.715,94.94,31045449
2022-12-06,99.3,99.78,96.42,96.98,24910655
2022-12-05,99.4,101.38,99.0,99.48,24405087
2022-12-02,99.05,100.77,98.9,100.44,21480703
2022-12-01,101.02,102.25,100.25,100.99,28687096
2022-11-30,94.82,101.04,94.42,100.99,43647481
2022-11-29,95.73,96.12,94.11,95.19,20061720
2022-11-28,97.0363,97.58,95.61,96.05,26252433
2022-11-25,98.24,98.64,97.4,97.46,9701441
2022-11-23,97.09,98.76,97.09,98.46,18868092
2022-11-22,95.95,97.22,94.05,97.05,23438480
2022-11-21,97.29,98.4,95.355,95.6,21647387
2022-11-18,98.77,98.9,96.37,97.43,28342297
2022-11-17,96.97,99.28,96.79,98.36,26052599
2022-11-16,97.9,99.6375,97.64,98.85,29105154
2022-11-15,98.26,100.14,96.71,98.44,41640816
2022-11-14,95.09,96.79,94.51,95.7,30179539
2022-11-11,94.69,96.93,93.92,96.41,33090482
2022-11-10,92.25,94.39,91.61,93.94,51620136
2022-11-09,88.45,89.435,87.28,87.32,31769099
2022-11-08,88.9,90.32,87.5901,88.9,30429025
2022-11-07,87.28,88.9,86.85,88.49,34078912
2022-11-04,85.4,86.64,83.71,86.58,51124904
2022-11-03,86.32,86.52,83.34,83.43,61288019
2022-11-02,90.94,91.18,86.88,86.97,57038282
2022-11-01,95.45,96.03,90.37,90.47,47161351
2022-10-31,95.42,96.03,93.98,94.51,31675036
2022-10-28,92.27,96.55,92.13,96.29,43697286
2022-10-27,94.52,95.43,91.8,92.22,60710859
2022-10-26,96.43,98.31,94.69,94.93,88279042
2022-10-25,102.9,104.82,102.72,104.48,40611375
2022-10-24,101.8,102.75,99.98,102.52,27176417
2022-10-21,97.845,101.31,97.72,101.13,32458722
2022-10-20,100.0,102.32,99.39,99.97,25323202
2022-10-19,100.01,101.0183,98.9201,99.63,23811064
2022-10-18,103.13,103.47,99.97,100.77,24060671
2022-10-17,98.86,100.93,98.83,99.97,28419192
2022-10-14,99.99,100.69,96.37,96.56,25410674
2022-10-13,95.15,99.775,94.3836,99.06,34574549
2022-10-12,97.3,98.75,96.735,97.56,21876362
2022-10-11,97.43,99.245,96.31,97.18,26507103
2022-10-10,99.0,99.095,97.01,97.86,18225094
2022-10-07,99.85,100.53,98.295,98.68,27502765
2022-10-06,100.68,102.9254,100.59,101.42,22323989
2022-10-05,99.825,101.93,98.8,101.43,22176903
2022-10-04,100.44,101.84,100.38,101.64,28850773
2022-10-03,96.76,99.2872,96.521,98.64,27982031
2022-09-30,97.05,98.9,95.56,95.65,32941493
2022-09-29,98.64,98.64,95.96,97.42,31047224
2022-09-28,97.65,100.7,97.11,100.05,32466323
2022-09-27,99.43,100.0,96.872,97.5,30072781
2022-09-26,98.1,99.88,97.8,98.17,27072662
2022-09-23,99.63,99.66,97.47,98.74,31625437
2022-09-22,98.82,101.24,98.79,100.14,34298619
2022-09-21,101.67,102.88,99.27,99.28,31487265
2022-09-20,102.08,102.37,100.52,101.14,26517123
2022-09-19,101.75,103.33,101.55,103.07,23036811
2022-09-16,102.07,103.13,100.94,102.8,42797172
2022-09-15,104.03,105.27,102.35,102.91,34188284
2022-09-14,104.57,105.275,103.66,105.0,26395134
2022-09-13,107.8,108.3,104.09,104.32,38172871
2022-09-12,110.99,111.62,109.93,110.86,22966752
2022-09-09,109.065,110.99,109.02,110.65,23213585
2022-09-08,108.04,109.6,107.16,108.38,24238293
2022-09-07,107.06,109.98,106.9,109.45,23166967
2022-09-06,107.3,108.03,105.78,106.81,25068280
2022-09-02,110.59,110.74,107.26,107.85,24160711
2022-09-01,108.28,110.445,107.36,109.74,28360926
2022-08-31,110.65,110.85,108.13,108.22,28626972
2022-08-30,110.17,110.5,107.8,108.94,27513255
2022-08-29,109.99,110.95,108.8,109.42,21191157
2022-08-26,114.72,115.12,110.19,110.34,37245697
2022-08-25,114.235,116.72,114.11,116.65,16956794
2022-08-24,113.5,114.78,112.8701,113.69,17734624
2022-08-23,113.475,115.01,113.43,113.86,15870373
2022-08-22,115.2,115.63,113.85,114.24,21456648
2022-08-19,119.06,119.15,116.76,117.21,21809528
2022-08-18,119.43,120.82,118.72,120.17,17987660
2022-08-17,120.12,121.29,119.38,119.55,22846958
2022-08-16,121.52,122.43,120.64,121.7,19041230
2022-08-15,121.13,122.3,120.61,122.08,19494825
2022-08-12,120.26,121.68,119.46,121.68,19096268
2022-08-11,121.28,121.49,118.56,118.84,24293654
2022-08-10,118.78,120.92,118.41,119.7,30930350
2022-08-09,117.135,117.32,115.71,116.63,19086465
2022-08-08,118.39,120.15,116.88,117.3,19169479
2022-08-05,116.23,118.1056,116.0,117.47,19159520
2022-08-04,117.48,118.78,116.89,118.19,21602925
2022-08-03,115.71,118.62,115.48,118.08,28499014
2022-08-02,114.0,116.35,113.72,115.13,20236029
2022-08-01,115.3,116.72,114.34,114.86,26034288
2022-07-29,113.08,116.705,113.06,116.32,37223391
2022-07-28,112.37,114.34,111.46,114.22,32816568
2022-07-27,109.26,113.91,108.01,113.06,59858495
2022-07-26,106.6,107.2,104.07,105.02,47990963
2022-07-25,108.41,109.87,106.3,107.51,34690894
2022-07-22,111.0,112.34,106.5,107.9,48901184
2022-07-21,114.28,114.55,111.1132,114.34,32676166
2022-07-20,113.17,115.4,112.48,113.9,35600426
2022-07-19,110.85,114.02,109.56,113.81,36530945
2022-07-18,112.64,113.68,108.37,109.03,43164588
2022-07-15,112.001,113.14,110.9,111.778,46769120
2022-07-14,110.21,111.093,108.373,110.367,37003040
2022-07-13,111.701,114.196,111.202,111.354,43722020
2022-07-12,116.215,116.974,113.69,114.02,29959700
2022-07-11,117.998,117.998,115.33,115.676,31243700
2022-07-08,117.25,119.685,116.901,119.354,38238160
2022-07-07,115.08,119.19,114.834,118.783,40935880
2022-07-06,113.302,115.59,111.476,114.572,37431380
2022-07-05,107.101,113.377,105.732,113.263,39399640
2022-07-01,107.933,109.25,106.73,108.738,35475660
2022-06-30,110.0,110.888,106.75,108.963,43169060
2022-06-29,111.552,113.16,110.873,111.702,24716820
2022-06-28,115.803,117.31,111.848,112.008,35880960
2022-06-27,118.273,118.58,115.18,115.834,36420760
2022-06-24,112.995,118.079,112.953,117.975,41163680
2022-06-23,112.232,112.742,110.501,112.242,28361920
2022-06-22,110.556,113.346,110.382,111.488,30774140
2022-06-21,108.93,112.489,108.6,111.544,47415800
2022-06-17,106.034,108.699,105.046,107.143,51376520
2022-06-16,107.221,108.648,105.138,106.034,51684960
2022-06-15,108.545,111.423,107.67,109.764,39698180
2022-06-14,106.535,107.924,105.8,106.715,33706260
2022-06-13,106.786,108.792,106.119,106.392,47251920
2022-06-10,112.445,113.279,110.366,111.162,41481840
2022-06-09,116.328,118.299,114.776,114.836,25797960
2022-06-08,116.762,118.57,116.6,117.194,26107740
2022-06-07,115.48,117.691,115.052,117.149,31590460
2022-06-06,116.705,119.347,116.164,116.82,33541540
2022-06-03,116.062,116.322,113.518,114.541,26135460
2022-06-02,114.0,117.899,112.946,117.622,37992280
2022-06-01,114.855,117.102,113.25,113.892,36605520
2022-05-31,112.746,115.735,112.078,113.762,50012260
2022-05-27,109.483,112.318,109.138,112.316,37914120
2022-05-26,105.677,108.649,105.225,107.792,37947220
2022-05-25,104.986,106.5,103.857,105.805,40257340
2022-05-24,105.772,106.458,101.885,105.97,76779780
2022-05-23,109.588,112.148,108.741,111.488,37184940
2022-05-20,111.951,112.184,105.796,108.908,48962960
2022-05-19,111.432,113.01,110.0,110.384,34144400
2022-05-18,115.0,115.4,111.556,111.899,35125980
2022-05-17,116.84,116.9,114.87,116.473,23053160
2022-05-16,114.956,116.17,113.89,114.445,25990440
2022-05-13,114.533,117.875,113.605,116.051,35038480
2022-05-12,111.378,114.295,109.824,112.844,53836180
2022-05-11,113.236,116.364,113.236,113.602,37534740
2022-05-10,115.508,116.25,112.901,114.395,39900380
2022-05-09,113.25,115.077,112.001,112.511,40802860
2022-05-06,115.184,117.571,114.016,115.746,39709580
2022-05-05,120.204,121.039,115.006,116.506,45840580
2022-05-04,117.032,122.854,115.116,122.261,49915280
2022-05-03,116.431,118.442,116.035,117.334,24967360
2022-05-02,113.405,116.746,112.6,116.583,35533020
2022-04-29,116.734,117.92,113.814,114.11,42676000
2022-04-28,116.415,119.649,114.115,118.522,48884640
2022-04-27,114.469,117.242,112.737,114.294,91820580
2022-04-26,122.294,122.51,118.511,118.65,73054880
2022-04-25,119.101,123.278,118.511,123.074,46128260
2022-04-22,125.0,125.402,118.925,119.636,56883720
2022-04-21,129.25,130.098,124.527,124.814,36445160
2022-04-20,130.892,131.399,127.5,128.04,31695460
2022-04-19,127.691,130.333,126.999,130.009,26489760
2022-04-18,127.0,128.212,126.182,127.676,20808660
2022-04-14,130.48,130.48,126.601,126.73,31597980
2022-04-13,128.0,130.334,127.741,129.894,27927240
2022-04-12,131.6,131.6,126.789,127.714,32710700
2022-04-11,131.824,132.092,128.668,128.824,36883060
2022-04-08,135.584,135.67,132.966,133.288,25142800
2022-04-07,136.01,137.164,134.227,135.888,26233600
2022-04-06,138.75,139.36,135.517,136.548,32468480
2022-04-05,142.869,142.99,140.382,140.591,21418120
2022-04-04,140.358,143.712,140.31,142.972,25970840
2022-04-01,139.5,140.471,138.308,140.151,25941440
2022-03-31,142.053,142.108,139.024,139.068,37524720
2022-03-30,142.46,142.72,141.6,141.938,19884760
2022-03-29,142.647,143.794,142.038,142.506,34317020
2022-03-28,140.901,142.002,139.811,141.456,35049260
2022-03-25,141.916,142.035,139.738,141.673,24143080
2022-03-24,139.2,141.619,137.751,141.572,26396560
2022-03-23,138.703,139.588,137.835,138.276,25153400
2022-03-22,136.102,141.05,136.102,139.868,35495540
2022-03-21,136.164,137.05,134.092,136.102,26831680
2022-03-18,133.424,136.244,132.258,136.126,44566900
2022-03-17,133.149,134.08,132.185,133.839,28263920
2022-03-16,130.733,133.333,128.734,133.281,35576980
2022-03-15,126.976,129.854,125.72,129.198,30919520
2022-03-14,130.25,130.409,125.275,125.951,38811260
2022-03-11,133.488,133.796,129.632,129.87,31526440
2022-03-10,131.266,133.272,130.912,132.43,27101400
2022-03-09,131.25,133.736,129.901,133.42,37025400
2022-03-08,126.25,131.25,125.675,127.104,40427100
2022-03-07,131.488,131.735,126.295,126.378,45112940
2022-03-04,132.928,133.852,130.338,131.906,30450640
2022-03-03,136.01,136.439,133.026,133.9,24603240
2022-03-02,134.628,135.262,133.072,134.572,23519800
2022-03-01,134.878,136.256,133.218,134.062,26495360
2022-02-28,133.05,135.752,132.592,135.057,38864420
2022-02-25,133.552,135.272,131.752,134.46,36405980
2022-02-24,124.953,133.0,124.953,132.691,54455080
2022-02-23,131.648,132.051,127.528,127.588,32786020
2022-02-22,129.838,132.18,128.223,129.814,44990740
2022-02-18,133.467,134.07,130.196,130.403,45619440
2022-02-17,136.243,137.113,132.478,132.539,38949500
2022-02-16,136.646,138.086,134.924,137.738,25021300
2022-02-15,137.57,138.108,135.822,136.608,26711260
2022-02-14,133.257,136.3,133.257,135.526,34301080
2022-02-11,138.6,139.156,133.4,134.282,39958340
2022-02-10,139.704,141.484,137.957,138.62,39330660
2022-02-09,140.964,142.524,140.187,141.592,40143880
2022-02-08,139.026,140.0,137.014,139.399,54283600
2022-02-07,144.25,144.25,138.9,139.201,54973300
2022-02-04,143.445,144.875,140.515,143.293,57998220
2022-02-03,145.706,149.675,142.665,143.09,71517220
2022-02-02,151.25,151.547,145.523,148.0,123199220
2022-02-01,137.594,137.793,134.368,137.644,68643640
2022-01-31,134.162,135.473,132.21,135.304,39986000
2022-01-28,129.659,133.356,128.485,133.351,34361480
2022-01-27,131.304,132.652,128.932,129.005,32018780
2022-01-26,131.119,133.0,127.142,129.233,49129500
2022-01-25,128.74,129.399,126.501,126.935,46960560
2022-01-24,125.978,131.203,124.5,130.804,76694240
2022-01-21,132.594,134.866,130.086,130.352,55651420
2022-01-20,136.25,137.626,132.965,133.308,29907140
2022-01-19,136.523,137.96,135.016,135.116,28647640
2022-01-18,136.175,137.132,135.438,135.998,34888100
2022-01-14,137.079,140.742,136.998,139.48,29661280
2022-01-13,141.54,142.85,138.409,138.587,31436600
2022-01-12,141.15,142.608,140.694,141.43,26112040
2022-01-11,138.007,140.216,136.692,139.736,28729700
2022-01-10,135.078,138.82,133.164,138.67,44408120
2022-01-07,138.146,138.448,135.766,137.017,29760560
2022-01-06,136.998,139.94,136.558,137.748,37347420
2022-01-05,144.42,144.499,137.688,137.775,54618280
2022-01-04,145.396,146.485,143.716,144.4,28399440
2022-01-03,145.055,145.851,143.713,144.992,28678940
2021-12-31,146.05,146.698,144.852,144.852,18135180
2021-12-30,146.694,147.3,145.994,146.2,15687720
2021-12-29,146.644,147.417,145.647,146.655,17787460
2021-12-28,148.236,148.299,146.054,146.687,18254300
2021-12-27,147.256,148.344,147.169,147.906,15984460
2021-12-23,146.5,148.243,146.452,146.916,26383440
2021-12-22,143.068,146.5,143.068,146.415,26322380
2021-12-21,142.054,143.869,140.502,143.472,28755360
2021-12-20,140.12,141.774,139.321,141.607,27192360
2021-12-17,142.5,143.834,141.3,141.725,51017880
2021-12-16,147.17,147.677,143.607,144.445,33650380
2021-12-15,143.409,146.721,141.678,146.441,36370460
2021-12-14,143.968,144.48,141.215,143.907,38446240
2021-12-13,147.782,147.97,145.517,145.826,27069400
2021-12-10,148.7,148.978,146.704,148.002,24462760
2021-12-09,147.591,149.1,147.115,147.638,23269720
2021-12-08,147.596,148.393,146.406,148.186,24270320
2021-12-07,145.596,147.531,145.228,147.27,32240300
2021-12-06,143.04,143.853,140.15,143.155,30618100
2021-12-03,143.681,144.4,140.301,142.002,41230160
2021-12-02,141.25,143.864,140.214,142.966,29194840
2021-12-01,144.0,145.95,140.912,141.052,34055240
2021-11-30,145.008,146.0,141.602,141.897,42067220
2021-11-29,144.0,146.297,143.894,145.531,32595040
2021-11-26,144.348,144.558,141.842,142.183,30469240
2021-11-24,145.474,146.249,144.373,146.12,18040140
2021-11-23,146.153,146.66,144.115,145.782,27231160
2021-11-22,149.332,149.83,146.147,146.302,30629200
2021-11-19,149.975,150.966,148.899,148.926,33699380
2021-11-18,148.242,150.58,147.884,149.838,35628220
2021-11-17,148.028,148.56,147.24,148.047,19599500
2021-11-16,148.15,148.762,147.312,147.876,18904000
2021-11-15,148.901,149.55,147.575,148.452,23507040
2021-11-12,146.616,148.85,145.411,148.678,22360000
2021-11-11,146.49,147.536,145.6,145.766,16517480
2021-11-10,147.5,148.07,144.538,145.894,29969800
2021-11-09,149.233,149.834,147.245,148.918,19529740
2021-11-08,149.825,150.615,148.43,149.031,23052500
2021-11-05,149.17,150.328,148.197,148.852,38354740
2021-11-04,147.124,149.734,146.308,148.267,38411260
2021-11-03,145.901,146.669,144.591,146.598,27493240
2021-11-02,144.58,146.609,144.336,145.432,33482240
2021-11-01,148.046,148.046,143.226,143.497,46923240
2021-10-29,145.078,148.242,144.65,148.046,43320300
2021-10-28,147.134,147.158,144.627,145.849,36206380
2021-10-27,139.405,148.65,139.405,146.218,85781400
2021-10-26,139.264,140.083,138.305,139.308,49235020
2021-10-25,137.55,138.0,135.424,137.447,34412260
2021-10-22,139.15,140.583,136.056,137.566,50588960
2021-10-21,141.769,142.156,140.5,141.886,26292260
2021-10-20,143.338,143.546,141.377,141.769,23288060
2021-10-19,143.388,143.662,142.6,143.237,20163000
2021-10-18,141.076,142.796,141.069,142.778,20396160
2021-10-15,141.614,141.718,140.755,141.368,30274440
2021-10-14,139.474,141.337,138.825,141.151,31927940
2021-10-13,137.402,138.0,136.519,137.582,19662320
2021-10-12,139.48,139.507,135.76,136.449,36332240
2021-10-11,139.292,140.712,138.859,138.914,17953620
2021-10-08,139.577,140.331,139.218,139.786,26525840
2021-10-07,138.892,140.042,138.651,139.225,25110140
2021-10-06,134.75,137.75,134.55,137.565,24364280
2021-10-05,134.041,137.224,134.041,136.023,32403260
2021-10-04,135.96,135.96,131.05,133.66,51201940
2021-10-01,134.448,136.91,134.073,136.543,35360180
2021-09-30,134.262,135.542,133.556,133.676,38028800
2021-09-29,136.98,137.151,133.865,134.354,30848700
2021-09-28,138.655,139.096,135.36,135.83,45772200
2021-09-27,140.804,141.938,140.068,141.072,21881960
2021-09-24,140.538,142.33,140.241,142.215,22983900
2021-09-23,140.988,141.696,140.402,141.216,20951000
2021-09-22,139.304,140.887,138.552,140.284,25055560
2021-09-21,139.749,140.012,138.278,139.033,25331900
2021-09-20,138.162,139.0,136.322,138.719,46518040
2021-09-17,143.031,143.45,140.47,140.8,53384460
2021-09-16,143.95,144.3,142.402,143.61,26195420
2021-09-15,142.772,144.45,141.348,144.43,27407580
2021-09-14,142.995,143.363,141.75,142.544,19673860
2021-09-13,141.95,142.95,141.25,142.332,22093840
2021-09-10,144.212,144.718,140.738,140.876,36839340
2021-09-09,143.84,144.31,143.178,143.541,15317100
2021-09-08,144.1,144.4,143.0,143.691,18350220
2021-09-07,143.834,144.565,143.619,144.281,20131900
2021-09-03,143.08,144.155,142.401,143.74,19854360
2021-09-02,145.216,145.519,143.185,143.287,32358140
2021-09-01,145.0,146.254,144.884,145.216,21936100
2021-08-31,145.147,145.171,144.281,144.698,22448760
2021-08-30,144.4,145.97,144.163,144.59,24434200
2021-08-27,141.652,144.512,141.497,144.004,28780200
2021-08-26,141.75,142.418,141.357,141.44,20609320
2021-08-25,141.625,142.189,141.376,142.079,15851480
2021-08-24,140.612,142.08,140.338,141.262,19267220
2021-08-23,137.969,140.874,137.608,140.041,28453400
2021-08-20,136.0,137.554,135.25,137.43,31193160
2021-08-19,134.436,136.353,134.25,135.68,21782540
2021-08-18,136.5,137.104,135.322,135.449,19258940
2021-08-17,137.75,138.266,136.082,136.662,21715200
2021-08-16,137.525,138.362,135.299,138.31,22398360
2021-08-13,137.25,137.856,137.033,137.728,15947440
2021-08-12,135.976,137.3,135.426,137.194,16518860
2021-08-11,137.182,137.682,136.272,136.279,15352000
2021-08-10,137.342,137.772,136.364,136.807,19414080
2021-08-09,135.942,137.184,135.339,136.913,17766000
2021-08-06,136.042,136.472,135.21,135.738,20488120
2021-08-05,135.68,136.35,134.846,136.252,17869000
2021-08-04,135.349,135.65,134.487,135.126,19676020
2021-08-03,135.135,135.732,133.32,135.63,20761880
2021-08-02,135.117,135.336,133.794,134.854,21634200
2021-07-30,135.035,135.305,134.255,134.727,25575780
2021-07-29,136.15,136.661,135.543,135.778,31715720
2021-07-28,136.312,138.297,135.278,136.094,95130600
2021-07-27,134.251,134.399,130.104,131.9,54709480
2021-07-26,133.328,134.237,132.302,134.035,30571480
2021-07-23,130.43,133.399,129.8,133.015,41506420
2021-07-22,127.844,128.483,127.499,128.421,14301880
2021-07-21,126.134,127.596,126.023,127.549,20746180
2021-07-20,125.528,127.043,124.351,126.21,26316440
2021-07-19,126.09,126.205,123.505,124.578,27967580
2021-07-16,127.663,127.812,126.154,126.97,20424540
2021-07-15,128.649,128.7,126.53,127.005,24218800
2021-07-14,127.958,129.326,127.914,128.237,23745660
2021-07-13,127.038,128.058,126.674,127.342,19246940
2021-07-12,126.178,127.069,125.611,126.976,17667780
2021-07-09,125.025,125.734,124.551,125.518,18631680
2021-07-08,124.026,125.595,124.022,125.044,23789340
2021-07-07,127.162,127.284,126.153,126.474,24059020
2021-07-06,125.648,126.428,124.583,126.19,26403580
2021-07-02,123.15,125.404,123.06,125.258,26002180
2021-07-01,121.725,122.587,121.532,122.444,18112820
2021-06-30,121.994,122.257,121.354,122.09,24473980
2021-06-29,122.67,123.021,121.691,122.272,23108720
2021-06-28,122.679,122.785,121.406,122.536,28525420
2021-06-25,122.0,122.633,121.565,122.508,34596380
2021-06-24,122.7,123.056,122.3,122.5,21365140
2021-06-23,122.093,123.095,121.834,122.127,19154160
2021-06-22,121.75,122.4,121.064,122.33,22390200
2021-06-21,120.501,122.0,119.898,121.812,27413660
2021-06-18,121.367,121.603,120.015,120.111,46115200
2021-06-17,120.697,122.522,120.5,121.744,25848880
2021-06-16,121.572,121.886,119.47,120.772,26471860
2021-06-15,122.45,122.776,121.056,121.42,21562140
2021-06-14,121.613,122.446,120.9,122.446,22097560
2021-06-11,122.0,122.086,120.948,121.51,21958140
2021-06-10,120.346,121.8,120.189,121.756,25907500
2021-06-09,120.571,120.644,119.845,120.397,17941040
2021-06-08,120.601,120.976,119.739,119.922,24239840
2021-06-07,119.472,120.225,119.05,120.115,24119320
2021-06-04,118.464,119.952,118.12,119.679,24458200
2021-06-03,117.286,117.851,116.476,117.379,18695920
2021-06-02,119.458,119.682,117.618,118.53,21162920
2021-06-01,118.722,119.286,117.714,119.059,23358020
2021-05-28,118.721,118.804,117.642,117.842,21490800
2021-05-27,119.453,119.453,117.813,118.134,35224020
2021-05-26,118.326,119.449,118.323,119.016,21571960
2021-05-25,118.6,119.2,117.75,118.143,22439640
2021-05-24,115.744,118.278,115.598,118.052,31832200
2021-05-21,115.87,115.944,114.465,114.706,40631800
2021-05-20,114.55,115.6,114.176,115.348,32351000
2021-05-19,111.422,113.749,111.272,113.575,23684100
2021-05-18,115.117,115.384,113.11,113.124,22203700
2021-05-17,113.179,114.489,112.776,114.446,21597380
2021-05-14,112.927,114.236,112.5,113.919,31996580
2021-05-13,111.306,111.972,110.336,111.452,33220400
2021-05-12,111.31,112.399,109.681,110.012,46375480
2021-05-11,112.154,114.014,111.696,113.503,34185840
2021-05-10,116.407,116.55,114.227,114.588,30914580
2021-05-07,118.194,118.562,117.308,117.596,28897240
2021-05-06,115.316,116.867,114.652,116.867,25190460
2021-05-05,116.432,116.75,115.414,115.738,26636180
2021-05-04,115.678,116.249,112.834,115.342,44818640
2021-05-03,118.246,119.078,116.775,117.154,28242780
2021-04-30,118.401,119.092,117.328,117.675,44856760
2021-04-29,119.462,120.208,118.692,119.638,41233080
2021-04-28,119.625,121.569,117.661,117.952,81106800
2021-04-27,115.882,115.922,114.308,114.549,44385600
2021-04-26,115.226,116.227,114.866,115.496,32037840
2021-04-23,113.35,115.306,113.062,114.996,29111080
2021-04-22,113.77,114.444,112.016,112.626,24145520
2021-04-21,113.602,114.0,112.241,113.917,23204180
2021-04-20,114.874,114.95,112.856,113.95,22288320
2021-04-19,113.509,115.205,113.509,114.488,30289400
2021-04-16,114.462,114.712,113.546,114.138,26282780
2021-04-15,113.098,114.8,112.559,114.262,29174980
2021-04-14,113.372,113.372,111.801,112.095,21002860
2021-04-13,112.55,113.173,112.152,112.721,25681560
2021-04-12,112.706,112.844,111.391,112.231,25023660
2021-04-09,112.272,113.698,111.863,113.534,26145300
2021-04-08,113.2,113.589,112.151,112.521,28664280
2021-04-07,110.655,112.225,110.655,111.952,24133920
2021-04-06,110.546,111.4,110.09,110.463,35240780
2021-04-05,107.358,111.449,107.26,110.948,48509600
2021-04-01,104.612,106.788,104.571,106.489,39880100
2021-03-31,102.72,104.313,102.35,103.126,42569640
2021-03-30,102.649,103.134,101.808,102.324,27317120
2021-03-29,101.108,102.46,100.273,102.29,26492620
2021-03-26,101.59,101.969,100.192,101.236,27977500
2021-03-25,101.452,102.282,99.8045,101.623,35615740
2021-03-24,102.588,103.38,101.45,101.626,25217060
2021-03-23,101.998,103.206,101.4,102.066,28509120
2021-03-22,101.382,102.417,100.7,101.535,33535420
2021-03-19,101.486,101.852,100.146,101.348,46071920
2021-03-18,102.409,103.437,100.959,101.067,31712960
2021-03-17,103.423,104.95,102.206,104.111,26382520
2021-03-16,103.3,105.684,102.964,104.194,31900300
2021-03-15,102.249,102.749,101.39,102.722,26214820
2021-03-12,103.82,103.881,101.621,102.5,33817980
2021-03-11,102.911,105.564,102.822,105.027,27702600
2021-03-10,103.07,103.07,100.966,101.81,27100080
2021-03-09,102.488,103.196,101.78,102.018,33920620
2021-03-08,104.203,105.687,100.26,100.375,36867420
2021-03-05,103.058,105.31,101.389,104.854,53099540
2021-03-04,100.743,103.73,100.272,101.696,49215720
2021-03-03,102.598,103.8,99.7,100.571,33892900
2021-03-02,103.242,104.737,102.834,103.224,25563680
2021-03-01,102.4,103.812,101.721,103.483,26061780
2021-02-26,101.498,102.826,100.05,101.096,40041280
2021-02-25,102.796,104.15,100.324,100.798,41548180
2021-02-24,101.502,104.416,101.376,104.19,22608740
2021-02-23,100.7,103.625,99.5115,103.006,34657980
2021-02-22,102.68,104.016,102.4,102.713,29466340
2021-02-19,105.39,105.929,104.172,104.44,37938780
2021-02-18,105.25,106.099,104.666,105.29,22570980
2021-02-17,104.699,106.122,104.417,105.931,20303540
2021-02-16,104.588,107.257,104.588,105.535,31003900
2021-02-12,103.988,104.975,103.679,104.752,18990500
2021-02-11,104.55,104.7,103.443,104.438,20480580
2021-02-10,104.157,104.944,102.612,104.324,25101600
2021-02-09,103.74,104.926,103.5,103.77,21891660
2021-02-08,105.0,105.75,103.167,104.226,28828860
2021-02-05,102.978,104.797,102.5,104.441,29865120
2021-02-04,103.031,103.465,101.755,102.682,48595600
2021-02-03,103.28,105.331,100.678,102.944,97881640
2021-02-02,95.6565,97.4685,95.3185,95.956,66332400
2021-02-01,92.2293,95.777,92.2293,94.6535,40252060
2021-01-29,91.701,92.3768,90.078,91.368,44530180
2021-01-28,91.55,94.3995,91.55,92.66,55278100
2021-01-27,93.7455,94.0235,89.864,90.947,82512620
2021-01-26,94.2995,95.7875,93.8065,95.3975,31461560
2021-01-25,95.637,96.091,92.958,94.714,50586920
2021-01-22,94.573,95.2195,93.8248,94.628,32743900
2021-01-21,94.6825,96.604,93.9705,94.2075,58659460
2021-01-20,91.3185,94.9862,90.9755,94.0035,64151400
2021-01-19,87.15,90.192,86.6415,89.2235,41659020
2021-01-15,86.451,87.381,85.5855,86.381,31444280
2021-01-14,87.4435,88.3775,86.3035,86.546,29212340
2021-01-13,86.366,87.8195,86.366,87.3625,23431800
2021-01-12,87.268,88.395,85.8188,86.8715,29534300
2021-01-11,88.851,89.219,87.607,87.8145,34812360
2021-01-08,88.858,89.9678,88.061,89.8915,35484520
2021-01-07,86.338,88.891,86.338,88.717,41936580
2021-01-06,85.0128,87.1982,84.8051,86.144,46588020
2021-01-05,86.2545,87.3415,85.845,87.0025,20359240
2021-01-04,88.0,88.1245,85.357,86.3065,37323900
2020-12-31,86.8635,87.875,86.8045,87.632,21069580
2020-12-30,88.25,88.388,86.4,86.8125,21026160
2020-12-29,89.3615,89.4235,87.7555,87.888,19725740
2020-12-28,87.2455,89.35,87.091,88.698,27650740
2020-12-24,86.45,87.1205,86.2175,86.708,9312760
2020-12-23,86.1965,87.2055,86.06,86.4115,22973680
2020-12-22,86.4665,86.6306,85.289,86.011,20376580
2020-12-21,85.4565,86.85,84.7,86.728,33974140
2020-12-18,87.3085,87.418,85.75,86.311,85256740
2020-12-17,88.1965,88.3355,86.5575,87.0255,34880100
2020-12-16,88.4555,88.4555,87.453,87.8595,24676720
2020-12-15,87.993,88.2,87.0835,88.054,21365840
2020-12-14,88.536,89.49,87.4565,87.613,33049420
2020-12-11,88.0,88.8655,87.637,88.74,18628620
2020-12-10,88.13,88.7495,86.6764,88.3825,28688220
2020-12-09,90.518,91.4185,88.1,88.893,31711560
2020-12-08,90.426,90.7985,89.564,90.5665,19926340
2020-12-07,90.7775,91.4645,90.152,90.8515,22277540
2020-12-04,91.011,91.475,90.6795,91.188,20544840
2020-12-03,91.027,92.1915,90.85,91.092,24727320
2020-12-02,89.768,91.637,89.2585,91.2485,29424700
2020-12-01,88.3328,91.086,88.1515,89.768,37362680
2020-11-30,88.7825,89.0168,87.392,87.72,32417740
2020-11-27,88.227,89.8505,88.227,89.351,14790140
2020-11-25,88.3905,88.519,87.418,88.2065,19599140
2020-11-24,86.375,88.3237,86.0365,88.195,28006120
2020-11-23,87.011,87.2995,85.509,86.378,22552360
2020-11-20,88.1,88.4181,86.75,86.819,27706440
2020-11-19,86.6615,88.1745,86.501,87.9285,20106800
2020-11-18,87.832,88.25,86.9283,87.032,20107540
2020-11-17,88.393,88.857,87.9745,88.083,21320680
2020-11-16,88.207,89.717,88.0665,88.7015,25467860
2020-11-13,87.4,88.8565,86.799,88.613,29757540
2020-11-12,87.1,88.249,86.8985,87.141,26487260
2020-11-11,87.42,88.145,87.153,87.3615,31838120
2020-11-10,86.4885,87.969,85.806,86.886,43021160
2020-11-09,89.799,90.8445,87.8772,88.071,53440480
2020-11-06,87.567,88.4247,86.834,87.9865,28621680
2020-11-05,88.5225,89.5909,87.0515,88.125,39758140
2020-11-04,85.279,88.5015,85.15,87.2925,71342980
2020-11-03,81.538,82.95,80.6054,82.283,31432820
2020-11-02,81.177,82.912,80.712,81.216,44228980
2020-10-30,83.372,84.0658,80.0785,80.8055,99923940
2020-10-29,75.851,79.4367,75.8275,77.844,55406860
2020-10-28,77.5005,77.6905,75.424,75.54,45173500
2020-10-27,79.4466,80.1,78.8495,79.944,25902760
2020-10-26,80.75,81.479,78.389,79.2145,35826340
2020-10-23,80.7525,81.706,80.5955,81.649,30548040
2020-10-22,79.25,80.671,78.874,80.333,30515460
2020-10-21,78.4925,80.757,78.3568,79.2995,60321060
2020-10-20,76.1555,78.692,76.025,77.554,41718300
2020-10-19,78.7965,79.1962,76.146,76.4975,29733040
2020-10-16,78.0915,78.8855,77.883,78.385,34206500
2020-10-15,77.225,78.5698,77.0565,77.7735,31229700
2020-10-14,78.6655,79.1925,77.2947,78.172,33184560
2020-10-13,78.8505,79.258,77.9315,78.3535,39072180
2020-10-12,76.9,79.421,76.465,78.2295,55343280
2020-10-09,74.643,75.5925,74.35,75.5225,32966800
2020-10-08,73.2725,74.4014,73.2725,74.1715,26076040
2020-10-07,72.9655,73.4485,71.6615,72.957,36108960
2020-10-06,73.775,74.226,72.2505,72.551,26095040
2020-10-05,73.1325,74.235,73.0045,74.1415,21601160
2020-10-02,72.9815,73.9515,72.3675,72.78,31222640
2020-10-01,74.183,74.7535,73.84,74.395,32884420
2020-09-30,73.0468,74.3099,72.7878,73.28,40923400
2020-09-29,73.1955,73.6,72.7,73.301,31822240
2020-09-28,73.5995,73.6495,72.314,72.933,30784720
2020-09-25,71.2525,72.297,70.384,71.953,30333540
2020-09-24,70.134,71.8995,70.1075,71.143,34552220
2020-09-23,72.6045,72.654,70.134,70.4695,37725980
2020-09-22,72.516,73.1985,71.4748,72.991,33950840
2020-09-21,71.581,72.003,70.134,71.507,56908100
2020-09-18,74.415,74.76,71.581,72.5545,63055760
2020-09-17,74.2905,74.933,73.123,74.352,40007120
2020-09-16,77.124,77.7185,75.5795,75.6045,22143380
2020-09-15,76.3945,77.5495,76.105,76.756,23041100
2020-09-14,76.5824,77.85,75.2555,75.4415,42660140
2020-09-11,76.4075,76.9347,74.651,75.788,30706740
2020-09-10,77.509,78.683,76.0,76.3025,33023880
2020-09-09,77.445,77.936,76.2585,77.3615,39241560
2020-09-08,76.25,77.7775,75.825,76.18,54031720
2020-09-04,80.45,81.7495,76.8985,79.0605,55850660
2020-09-03,84.976,85.0,80.3855,81.4755,63725740
2020-09-02,83.4005,86.3051,83.0095,85.8695,49521440
2020-09-01,81.608,82.961,81.4765,82.754,22675320
2020-08-31,82.1785,82.225,81.2665,81.4765,26421940
2020-08-28,81.4735,82.0675,81.2802,81.9715,22423900
2020-08-27,82.3305,82.3995,80.9407,81.426,31350060
2020-08-26,80.315,82.6395,80.0488,82.2065,52187260
2020-08-25,79.005,80.444,78.894,80.2925,25149260
2020-08-24,79.6235,80.439,78.752,79.2575,25637860
2020-08-21,78.59,79.594,78.1155,78.7785,34845500
2020-08-20,76.9985,79.0085,76.723,78.8125,26382620
2020-08-19,77.6245,78.443,77.0,77.2305,30471840
2020-08-18,76.306,77.8685,76.0832,77.789,28377000
2020-08-17,75.7985,76.189,75.25,75.812,19998680
2020-08-14,75.6805,75.9892,74.95,75.2315,21941180
2020-08-13,75.4105,76.8487,75.4105,75.8325,22394220
2020-08-12,74.3562,75.5835,74.25,75.362,22531200
2020-08-11,74.7,75.522,73.9095,74.027,31097060
2020-08-10,74.54,75.3575,73.8745,74.841,20546580
2020-08-07,75.452,76.0045,74.3135,74.9185,27725880
2020-08-06,73.8075,75.3135,73.595,75.2475,33305220
2020-08-05,73.841,74.5,73.5608,73.9545,29150360
2020-08-04,74.3355,74.6555,73.2015,73.665,37212180
2020-08-03,74.55,74.8865,73.586,74.138,45521700
2020-07-31,74.8525,75.251,72.7,74.3975,91527640
2020-07-30,74.8985,77.0445,74.7585,76.9185,36042420
2020-07-29,75.25,76.6665,75.1505,76.1755,22675460
2020-07-28,76.25,76.3005,75.026,75.1825,30910680
2020-07-27,75.663,76.878,75.6165,76.4715,27123700
2020-07-24,74.9595,75.7714,74.3795,75.4105,29907620
2020-07-23,78.2965,78.5175,75.4295,75.8375,33909960
2020-07-22,77.7855,78.349,77.1615,78.2425,24482000
2020-07-21,79.2515,79.3525,77.631,77.796,27554360
2020-07-20,75.75,78.4505,75.1348,78.192,30165540
2020-07-17,75.8455,76.1715,74.905,75.8425,34264620
2020-07-16,75.075,75.7955,74.4135,75.746,26484540
2020-07-15,76.1615,76.8165,74.8915,75.844,31026500
2020-07-14,74.6395,76.14,74.2962,76.043,38108000
2020-07-13,77.497,78.818,75.328,75.6115,42954560
2020-07-10,75.6625,77.067,75.036,76.9505,35921260
2020-07-09,75.4965,76.4571,74.7795,75.933,41836660
2020-07-08,75.04,75.5585,74.615,75.18,31765840
2020-07-07,74.8065,76.066,74.485,74.496,42363880
2020-07-06,74.4075,75.5,73.8488,74.9825,44712600
2020-07-02,72.592,74.426,72.5532,73.4965,57218300
2020-07-01,70.9585,72.424,70.709,72.1,42182480
2020-06-30,69.844,71.2,69.3465,70.9025,40286400
2020-06-29,68.017,69.9,67.5825,69.8585,45073560
2020-06-26,71.6315,71.851,67.75,68.127,97640280
2020-06-25,71.561,72.116,70.977,72.055,23958140
2020-06-24,73.164,73.7895,71.5,71.635,31591580
2020-06-23,72.6,73.76,72.25,73.199,37751660
2020-06-22,71.2505,72.5475,70.9595,72.533,29441440
2020-06-19,72.0,72.225,70.95,71.232,52783340
2020-06-18,72.4925,72.6485,71.3117,71.706,34861420
2020-06-17,72.647,73.11,71.7562,72.627,30610000
2020-06-16,72.45,72.8585,71.4495,72.3235,30696520
2020-06-15,69.4745,71.25,69.3598,71.037,30553040
2020-06-12,71.293,71.7252,69.29,70.646,36675120
2020-06-11,72.0515,72.5802,69.9205,70.095,47144860
2020-06-10,73.0755,73.6385,72.7178,73.235,31762320
2020-06-09,72.262,73.39,72.118,72.604,33623100
2020-06-08,71.314,72.45,71.224,72.402,33877620
2020-06-05,70.782,72.315,70.3811,72.001,42647000
2020-06-04,71.839,72.066,70.3005,70.715,26982100
2020-06-03,72.135,72.4505,71.581,71.9625,27732800
2020-06-02,71.75,72.15,71.0805,72.1155,23441380
2020-06-01,71.285,72.079,71.114,71.7435,25185080
2020-05-29,71.0215,71.8365,70.799,71.676,37050440
2020-05-28,70.0,72.223,69.9538,70.912,35195740
2020-05-27,71.0,71.2672,69.73,71.014,31683700
2020-05-26,72.098,72.2555,70.9698,71.0685,44589760
2020-05-22,70.195,70.85,69.7975,70.662,28544120
2020-05-21,70.5495,70.823,69.7195,70.3375,30899520
2020-05-20,69.458,70.6013,69.371,70.458,38262660
2020-05-19,69.274,69.6245,68.688,68.72,31585000
2020-05-18,68.079,69.638,67.71,69.259,47128980
2020-05-15,67.413,68.729,66.95,68.653,41543980
2020-05-14,66.676,67.8685,66.165,67.843,36660340
2020-05-13,68.808,69.2665,66.4005,67.4165,40368080
2020-05-12,70.411,70.7165,68.7255,68.759,33917480
2020-05-11,68.8395,70.7765,68.775,70.1795,32717120
2020-05-08,69.091,69.832,68.6005,69.217,33329740
2020-05-07,68.0655,68.8,67.627,68.464,30716380
2020-05-06,67.9,68.4345,67.2565,67.2715,31732580
2020-05-05,66.875,68.5505,66.7515,67.451,39666360
2020-05-04,65.4065,66.2235,64.8005,66.145,30806940
2020-05-01,66.2045,67.5715,65.483,65.866,48871080
2020-04-30,66.568,67.5,66.075,67.335,55842480
2020-04-29,67.25,68.0075,66.3365,67.109,108357760
2020-04-28,64.16,64.238,61.519,61.6295,80700140
2020-04-27,64.6,64.705,63.253,63.543,44186660
2020-04-24,62.75,63.8855,62.2,63.83,37440080
2020-04-23,63.287,64.4075,63.0265,63.5585,34202440
2020-04-22,62.0555,63.994,61.86,62.9205,46315840
2020-04-21,62.1355,62.5,60.25,60.608,49648080
2020-04-20,63.4945,63.841,62.822,63.0575,35292160
2020-04-17,64.085,64.5,63.3,63.95,51056480
2020-04-16,63.357,63.6679,61.91,62.8715,57895140
2020-04-15,62.3255,63.7555,61.7,62.865,42236840
2020-04-14,61.9987,63.7875,61.4271,63.2615,63357240
2020-04-13,60.075,60.726,59.1166,60.5205,38702560
2020-04-09,60.909,61.0995,59.6208,60.3285,54028460
2020-04-08,60.155,60.745,59.1977,60.35,40334260
2020-04-07,60.8505,61.0388,58.8625,59.128,61619100
2020-04-06,56.65,59.5377,56.25,59.1595,63319820
2020-04-03,55.7355,55.9395,53.754,54.635,51373880
2020-04-02,55.0,56.1385,54.6565,55.8515,56410680
2020-04-01,56.2,56.471,54.6745,55.105,51970380
2020-03-31,57.4365,58.67,56.836,58.0975,65279420
2020-03-30,56.632,57.55,54.9245,57.3155,58736540
2020-03-27,56.3735,57.5525,55.2001,55.513,62793220
2020-03-26,55.736,58.574,54.6015,58.146,76688440
2020-03-25,56.229,57.3085,54.1505,55.081,90323240
2020-03-24,55.199,56.6665,54.3215,56.5005,72468700
2020-03-23,52.8185,53.3455,50.4435,52.7065,83672580
2020-03-20,56.545,56.9239,53.105,53.4105,82877940
2020-03-19,54.411,57.6305,52.7775,55.5835,74064960
2020-03-18,52.997,55.2495,51.85,54.5595,93044760
2020-03-17,54.532,56.3,52.455,55.903,83193720
2020-03-16,54.4805,57.2735,53.354,53.65,96519620
2020-03-13,58.7495,60.72,55.6145,60.7135,79399460
2020-03-12,56.131,59.4375,55.4235,55.5775,94325860
2020-03-11,62.4135,62.8465,59.557,60.545,54833880
2020-03-10,62.7195,63.7925,60.7255,63.7585,54871320
2020-03-09,60.248,62.6365,59.902,60.7895,69251560
2020-03-06,63.575,65.1375,62.8605,64.787,64646300
2020-03-05,67.2775,67.6815,65.082,65.738,54379640
2020-03-04,67.948,69.139,66.85,69.08,47597120
2020-03-03,69.884,70.4095,66.462,66.886,56602240
2020-03-02,67.5695,69.3735,66.26,69.316,55429260
2020-02-28,63.5955,67.1225,63.4105,66.9625,80218000
2020-02-27,67.957,68.47,65.712,65.7475,62289520
2020-02-26,69.668,70.6835,68.8275,69.5235,49803560
2020-02-25,71.55,71.8425,69.021,69.316,51579320
2020-02-24,71.1525,71.819,70.3395,70.993,49560780
2020-02-21,75.229,75.5475,73.9245,74.173,42536860
2020-02-20,75.9505,76.3535,75.213,75.8495,25967720
2020-02-19,76.36,76.537,76.049,76.2435,22746760
2020-02-18,75.717,76.528,75.5505,75.972,25680220
2020-02-14,75.7265,76.0025,75.2775,75.9365,23197140
2020-02-13,75.5,76.2975,75.2,75.6695,22913160
2020-02-12,75.793,76.015,75.4335,75.9315,31042720
2020-02-11,75.6635,76.494,75.2725,75.503,34852940
2020-02-10,73.8615,75.444,73.76,75.433,38301440
2020-02-07,73.3695,74.2625,73.2705,73.9555,28360980
2020-02-06,72.599,74.078,72.524,73.7985,37821580
2020-02-05,73.1805,73.229,71.484,72.3025,36375860
2020-02-04,72.7245,73.367,71.1015,72.2705,95879340
2020-02-03,73.0825,74.315,72.8305,74.13,72175200
2020-01-31,73.393,73.4835,71.353,71.639,43821500
2020-01-30,71.905,72.7625,71.75,72.7125,27109440
2020-01-29,72.923,73.207,72.2695,72.835,21639280
2020-01-28,72.087,72.74,71.518,72.525,29731720
2020-01-27,71.577,71.829,70.975,71.5865,34131320
2020-01-24,74.641,74.71,73.159,73.3085,29785600
2020-01-23,74.3775,74.675,74.016,74.2345,26651240
2020-01-22,74.4865,75.029,74.133,74.2085,28458920
2020-01-21,73.95,74.494,73.5105,74.1125,48932020
2020-01-17,73.127,74.0275,72.8275,73.976,52423500
2020-01-16,72.2725,72.535,72.0,72.508,26080800
2020-01-15,71.651,72.039,71.583,71.96,21550380
2020-01-14,72.0,72.1315,71.3885,71.5295,26112720
2020-01-13,71.7625,72.074,71.2685,72.0015,30746340
2020-01-10,71.4735,71.747,70.98,71.448,26263560
2020-01-09,71.0965,71.434,70.5105,70.9895,33228760
2020-01-08,69.741,70.5925,69.6315,70.252,35325480
2020-01-07,70.023,70.175,69.578,69.7555,34529120
2020-01-06,67.5815,69.916,67.55,69.8905,46786860
2020-01-03,67.4,68.6875,67.366,68.076,23412580
2020-01-02,67.4205,68.434,67.3245,68.434,27285300
2019-12-31,66.7895,67.033,66.6065,66.9695,19521220
2019-12-30,67.8405,67.85,66.892,66.9855,20011840
2019-12-27,68.2,68.3535,67.65,67.732,23217460
2019-12-26,67.3275,68.16,67.2755,68.1235,23676000
2019-12-24,67.5105,67.6005,67.2085,67.2215,13468200
2019-12-23,67.9365,68.0925,67.4,67.5315,19939340
2019-12-20,68.155,68.2,67.5365,67.561,50276980
2019-12-19,67.5955,67.8765,67.4375,67.822,30421640
2019-12-18,67.85,67.9715,67.523,67.5955,23334660
2019-12-17,68.1205,68.2165,67.5385,67.7445,32970980
2019-12-16,67.75,68.1765,67.5305,68.035,28129140
2019-12-13,67.395,67.5675,67.083,67.3435,33173680
2019-12-12,67.1605,67.729,66.91,67.4245,29129320
2019-12-11,67.415,67.4945,67.055,67.2125,20486160
2019-12-10,66.997,67.4,66.7,67.1445,17608600
2019-12-09,66.943,67.8775,66.8035,67.1495,31137780
2019-12-06,66.6375,67.1235,66.5615,66.9695,32974580
2019-12-05,66.35,66.399,65.716,66.348,24412620
2019-12-04,65.305,66.2135,65.1525,65.947,35527840
2019-12-03,63.933,64.8615,63.8525,64.737,29600520
2019-12-02,65.128,65.272,64.019,64.443,26577780
2019-11-29,65.33,65.4975,65.1615,65.2045,12801380
2019-11-27,65.771,65.882,65.4735,65.6065,18791260
2019-11-26,65.4955,65.7005,65.202,65.65,21941780
2019-11-25,64.813,65.5205,64.7805,65.282,23593160
2019-11-22,65.15,65.345,64.468,64.6835,27778240
2019-11-21,64.9625,65.556,64.5375,65.007,25546760
2019-11-20,65.568,65.6605,64.4605,65.093,28917400
2019-11-19,66.3315,66.3315,65.5885,65.6295,21872580
2019-11-18,66.617,66.696,65.808,65.992,27987480
2019-11-15,65.7525,66.677,65.5945,66.677,39299100
2019-11-14,64.75,65.786,64.697,65.4575,29000780
2019-11-13,64.659,65.126,64.6075,64.809,18721700
2019-11-12,64.9285,65.4675,64.712,64.8605,28886840
2019-11-11,65.2,65.245,64.7935,64.914,17237200
2019-11-08,65.076,65.8555,65.076,65.45,30437840
2019-11-07,64.714,66.1325,64.6875,65.347,45140100
2019-11-06,64.5045,64.6495,64.1135,64.5505,24625300
2019-11-05,64.56,64.862,64.469,64.572,25148540
2019-11-04,63.8055,64.625,63.8055,64.4805,30632440
2019-11-01,63.29,63.65,62.9855,63.6125,28812140
2019-10-31,63.0,63.326,62.474,62.94,31903080
2019-10-30,62.7575,63.401,62.5325,63.035,29203860
2019-10-29,63.8,64.04,62.7805,63.033,52654300
2019-10-28,63.75,64.962,63.6155,64.449,65428220
2019-10-25,62.6,63.4,62.4575,63.215,27104960
2019-10-24,62.9555,63.145,62.6175,62.9555,22809560
2019-10-23,62.0105,62.902,62.0105,62.8815,23525620
2019-10-22,62.224,62.4365,61.9925,62.06,25636420
2019-10-21,62.435,62.6755,61.9995,62.214,20601700
2019-10-18,62.7345,62.9055,62.007,62.2205,31646400
2019-10-17,62.57,63.1875,62.4935,62.64,21279620
2019-10-16,62.0905,62.7095,61.9265,62.15,23020560
2019-10-15,61.075,62.3565,61.046,62.112,30544320
2019-10-14,60.6945,61.294,60.594,60.8885,13678520
2019-10-11,61.2015,61.4375,60.682,60.7855,22529040
2019-10-10,59.93,60.781,59.893,60.4735,13364880
2019-10-09,60.0665,60.423,59.906,60.12,16264320
2019-10-08,59.9385,60.3435,59.474,59.5065,20648520
2019-10-07,60.3755,60.9455,60.218,60.4125,17580400
2019-10-04,59.7145,60.623,59.5485,60.548,24573720
2019-10-03,59.167,59.55,58.157,59.4715,29388260
2019-10-02,59.825,59.938,58.6315,58.896,33495480
2019-10-01,61.1245,61.643,60.2775,60.3,25654700
2019-09-30,61.03,61.3705,60.671,61.057,25892180
2019-09-27,62.1415,62.2495,60.76,61.2975,34449620
2019-09-26,62.107,62.2335,61.591,62.1145,23431540
2019-09-25,60.8005,62.401,60.46,62.297,27103240
2019-09-24,62.0,62.3555,60.532,60.9165,36714240
2019-09-23,61.3285,61.984,61.189,61.7345,23941380
2019-09-20,61.682,62.14,61.179,61.492,38754860
2019-09-19,61.616,62.217,61.6155,61.9375,16940040
2019-09-18,61.512,61.812,60.8235,61.6325,17855760
